{"xyz": [[0.3695733845233917, 0.07854998856782913, 0.20428356528282166], [0.5059212446212769, 0.059336669743061066, 0.23712705075740814], [0.5364055037498474, -0.13540047407150269, 0.3199017643928528], [0.36357173323631287, -0.12239740788936615, 0.28162387013435364], [0.4024895429611206, 0.04903969541192055, 0.040396690368652344], [0.48745274543762207, 0.04352351278066635, 0.07070589065551758], [0.48356184363365173, -0.08148796856403351, 0.07650795578956604], [0.4173370897769928, -0.04574768990278244, 0.06458860635757446]], "quat": [[0.9150509834289551, 0.39663517475128174, 0.06698165833950043, -0.0295917596668005], [0.8120937347412109, 0.562438428401947, -0.034237805753946304, 0.15163952112197876], [0.9228713512420654, 0.34987902641296387, 0.061476901173591614, -0.14870671927928925]]}